file,invoice_no,pallets,boxes,gross_weight,net_weight,total_invoice
DM044639.pdf,DM044639,12,0,2268.5206,1800.5206,45186.47
DM044671.pdf,DM044671,3,0,438.914,262.664,9142.9
DM044699.pdf,DM044699,29,0,5166.0793,4035.0793,113896.27
DM044723.pdf,DM044723,12,0,720.176948,218.99694,11122.94
DM044767.pdf,DM044767,3,0,206.247203,79.767203,4008.25
DM044768.pdf,DM044768,4,0,206.2,58.0,2124.98
DM044769.pdf,DM044769,11,0,1622.8149,1193.8149,31931.29
DM044778.pdf,DM044778,4,0,686.5981,530.5981,14286.09
TOTAL,,78,0,11315.5511,8179.4410,231699.19
